<?xml version="1.0" encoding="UTF-8"?>
<GenRun Id="synth_1" LaunchPart="xc7s50csga324-1" LaunchTime="1733432145" LaunchIncrCheckpoint="$PSRCDIR/utils_1/imports/synth_1/proto_QuadratureEncoder.dcp">
  <File Type="PA-TCL" Name="top_hdmi_digit_display.tcl"/>
  <File Type="RDS-PROPCONSTRS" Name="top_hdmi_digit_display_drc_synth.rpt"/>
  <File Type="REPORTS-TCL" Name="top_hdmi_digit_display_reports.tcl"/>
  <File Type="RDS-RDS" Name="top_hdmi_digit_display.vds"/>
  <File Type="RDS-UTIL" Name="top_hdmi_digit_display_utilization_synth.rpt"/>
  <File Type="RDS-UTIL-PB" Name="top_hdmi_digit_display_utilization_synth.pb"/>
  <File Type="RDS-DCP" Name="top_hdmi_digit_display.dcp"/>
  <File Type="VDS-TIMINGSUMMARY" Name="top_hdmi_digit_display_timing_summary_synth.rpt"/>
  <File Type="VDS-TIMING-PB" Name="top_hdmi_digit_display_timing_summary_synth.pb"/>
  <FileSet Name="sources" Type="DesignSrcs" RelSrcDir="$PSRCDIR/sources_1" RelGenDir="$PGENDIR/sources_1">
    <Filter Type="Srcs"/>
    <File Path="$PSRCDIR/sources_1/new/VolumeControl.v">
      <FileInfo>
        <Attr Name="UsedIn" Val="synthesis"/>
        <Attr Name="UsedIn" Val="implementation"/>
        <Attr Name="UsedIn" Val="simulation"/>
      </FileInfo>
    </File>
    <Config>
      <Option Name="DesignMode" Val="RTL"/>
      <Option Name="TopModule" Val="top_hdmi_digit_display"/>
      <Option Name="TopAutoSet" Val="TRUE"/>
    </Config>
  </FileSet>
  <FileSet Name="constrs_in" Type="Constrs" RelSrcDir="$PSRCDIR/constrs_1" RelGenDir="$PGENDIR/constrs_1">
    <Filter Type="Constrs"/>
    <File Path="$PSRCDIR/constrs_1/new/Constraints.xdc">
      <FileInfo>
        <Attr Name="UsedIn" Val="synthesis"/>
        <Attr Name="UsedIn" Val="implementation"/>
      </FileInfo>
    </File>
    <Config>
      <Option Name="ConstrsType" Val="XDC"/>
    </Config>
  </FileSet>
  <FileSet Name="utils" Type="Utils" RelSrcDir="$PSRCDIR/utils_1" RelGenDir="$PGENDIR/utils_1">
    <Filter Type="Utils"/>
    <File Path="$PSRCDIR/utils_1/imports/synth_1/proto_QuadratureEncoder.dcp">
      <FileInfo>
        <Attr Name="UsedIn" Val="synthesis"/>
        <Attr Name="UsedIn" Val="implementation"/>
        <Attr Name="UsedInSteps" Val="synth_1"/>
        <Attr Name="AutoDcp" Val="1"/>
      </FileInfo>
    </File>
    <Config>
      <Option Name="TopAutoSet" Val="TRUE"/>
    </Config>
  </FileSet>
  <Strategy Version="1" Minor="2">
    <StratHandle Name="Vivado Synthesis Defaults" Flow="Vivado Synthesis 2024"/>
    <Step Id="synth_design"/>
  </Strategy>
  <BlockFileSet Type="BlockSrcs" Name="clk_wiz_0"/>
  <BlockFileSet Type="BlockSrcs" Name="hdmi_tx_0"/>
</GenRun>
